Location ZIP [Public School] 2011-12,School Name,ScriptEd,NAF/DOE,CTE,MOUSE,CSNYC,Bootstrap,SGD,SEP,TEALS,ECS,ASE,C/I,AP CS A,Club,Charter,CS Courses?,Address,Website,Borough,Lowest Grade Offered,Highest Grade Offered,Total Students [Public School] 2011-12,% of Students Eligible for Free Lunch Program (2011-12 and 2014-15),% of Student Eligible for a Free or Reduced-Fee Lunch
10010,47 American Sign Language and English Secondary School,,,,,YES,,,,,YES,,,,,,Unclear,"225 East 23rd Street, New York, NY 10010",http://insideschools.org/component/schools/school/39,MANHATTAN,9th Grade,12th Grade,184,83.0%,
10031,A PHILIP RANDOLPH CAMPUS HIGH SCHOOL,,,,,,,,,,,,,,,,Academy of Engineering has STEM curriculum via Project Lead the Way; lots of AP but no CS AP; (212) 926-0113,"443 W 135th St, New York, NY 10031",http://aprandolph.enschool.org/,MANHATTAN,9th Grade,12th Grade,1279,73.7%,76.1%
11213,ACADEMY FOR HEALTH CAREERS,,,YES,,,,,,,,,,,,,In 2nd year,"150 ALBANY AVE, BROOKLYN, NY 11213",http://insideschools.org/component/schools/school/1665,BROOKLYN,9th Grade,12th Grade,314,92.0%,
10453,ACADEMY FOR LANGUAGE AND TECHNOLOGY,,YES,YES,YES,,,,,,,,,,,,"MOUSE, far from subway","1700 Macombs Road, Bronx, NY 10453",http://insideschools.org/component/schools/school/1475,BRONX,9th Grade,12th Grade,336,87.2%,92.3%
10466,Academy for Scholarship and Entrepreneurship: A College Board School,,,YES,,YES,,,,,YES,,,,,,Unclear,"921 East 228th Street, Bronx, NY 10466",http://insideschools.org/component/schools/school/572,Bronx,8th Grade,12th Grade,437,81.0%,
11101,ACADEMY OF FINANCE AND ENTERPRISE,,YES,YES,,,,,,,,,,,,,"""Computer"" offered; Business oriented","30-20 Thomson Avenue, Long Island City, NY 11101","http://www.aofehs.org/
http://insideschools.org/component/schools/school/1024",Queens,9th Grade,12th Grade,420,60.5%,75.0%
11226,Academy of Hospitality and Tourism,,YES,YES,,,,,,,,,,,,,Paid internships at Marriott; careers in hotels/restaurants,"911 FLATBUSH AVENUE, Brooklyn NY 11226",http://insideschools.org/component/schools/school/1377,BROOKLYN,9th Grade,12th Grade,303,84.0%,
11208,Academy of Innovative Technology,YES,YES,,,YES,,,,,,,,,,,Current ScriptEd School,"999 Jamaica Avenue, Brooklyn, NY 11208",http://insideschools.org/component/schools/school/1506,BROOKLYN,9th Grade,12th Grade,440,79.0%,
11238,ACORN COMMUNITY HIGH SCHOOL,,,,,,,,,,,,,,,,Technology Department; encourages black and latino boys to attend college,"561 Grand Avenue, Brooklyn, NY 11238",http://acornchs.org/,BROOKLYN,9th Grade,12th Grade,731,78.9%,87.4%
10451,ALFRED E SMITH CAREER AND TECHNICAL HIGH SCHOOL,,YES,YES,,,,,,,,,,,,,Unclear,"333 East 151st Street, Bronx, NY 10451",http://insideschools.org/component/schools/school/296,BRONX,9th Grade,12th Grade,719,72.3%,78.4%
11237,ALL CITY LEADERSHIP SECONDARY SCHOOL,,,,,,,,,,,,,,,,None - Principal: Elvis Estevez; (718) 246-6500 ,"321 PALMETTO STREET, Brooklyn, NY 11237",http://schools.nyc.gov/SchoolPortals/32/K554/default.htm,BROOKLYN,6th Grade,12th Grade,263,81.4%,89.4%
10459,ARTURO SCHOMBURG SATELLITE ACADEMY BRONX,,,,,,,,,,,,,,,,Unclear; Transfer HS for students who need more attention - all 16 or 17 y ears old,"1010 REV. J. A. POLITE AVENUE, Bronx NY 10459",http://insideschools.org/component/schools/school/8175,BRONX,9th Grade,12th Grade,224,75.4%,79.9%
11233,Aspirations Diploma Plus High School,,,,,YES,,,,,YES,,,,,,Unclear,"1495 HERKIMER STREET, Brooklyn NY 11233",http://insideschools.org/component/schools/school/1522,BROOKLYN,9th Grade,12th Grade,241,80.0%,
10469,ASTOR COLLEGIATE ACADEMY,,,,,,,,,,,,,,,,Unclear; 4 years of science and math,925 Astor Avenue  Bronx NY 10469,http://www.astorcollegiate.com/,BRONX,9th Grade,12th Grade,497,68.8%,78.7%
11222,Automotive High School,,,YES,,,,,,,,,,,,,Selective technology program; certification in auto and computer repair,"50 Bedford Avenue, Brooklyn, NY 11222",http://insideschools.org/component/schools/school/655,BROOKLYN,9th Grade,12th Grade,420,78.0%,
11101,AVIATION CAREER AND TECHNICAL HIGH SCHOOL,,,YES,,,,,,,,,,,,,Students graduate with FAA certification - qualifies well-paying jobs at FAA out of HS,"45-30 36th Street, Long Island City, NY 11101","http://www.aviationhs.net/
http://insideschools.org/component/schools/school/1033",Queens,9th Grade,12th Grade,2201,99.9%,99.9%
10458,BELMONT PREPERATORY HIGH SCHOOL,,,,,,,,,,,,,,,,Unclear; lots of extracurriculars; 4 years of math and science,"500 East Fordham Road, Bronx, NY 10458",http://insideschools.org/component/schools/school/470,BRONX,9th Grade,12th Grade,408,76.0%,81.9%
11213,Boys and Girls High School,,,YES,,,,,,,,,,,,,Unclear,"1700 Fulton Street, Brooklyn, NY 11213",http://insideschools.org/component/schools/school/720,BROOKLYN,9th Grade,12th Grade,940,75.0%,
10458,Bronx Academy for Software Engineering (BASE),,,YES,,YES,,,,,,YES,YES,,,,4-year computer science sequence; computer-aided design extracurricular; Pytthon and Java; 1 after-school C/I class,"2474 CROTONA AVENUE, Bronx, NY 10458",http://insideschools.org/component/schools/school/8243,Bronx,9th Grade,9th Grade,112,100.0%,
10451,BRONX ACADEMY OF LETTERS,,,,,,,,,,,,,,,,None - Reading & Writing focused,"339 Morris Avenue, Bronx, NY 10451",http://www.bronxletters.com/,BRONX,6th Grade,12th Grade,550,81.5%,88.2%
10467,BRONX AEROSPACE HIGH SCHOOL,,,,,,,,,,,,,,YES,,Robotics Club; space/air-related,"800 EAST GUN HILL ROAD, Bronx NY 10467",http://insideschools.org/component/schools/school/535,BRONX,9th Grade,12th Grade,417,92.1%,95.7%
10456,BRONX CENTER FOR SCIENCE AND MATHEMATICS,,,,YES,,,,,,,,,,,,MOUSE; High attendance and test scores; 3rd best school in Bronx for college readiness,"1365 Fulton Avenue, Bronx, NY 10456",http://insideschools.org/component/schools/school/395,BRONX,9th Grade,12th Grade,444,82.2%,92.1%
10457,BRONX COLLEGIATE ACADEMY,,,,,,,,,,,,,,,,None; emphasis on college,"240 EAST 172 STREET, Bronx NY 10457",http://insideschools.org/component/schools/school/389,BRONX,9th Grade,12th Grade,350,80.6%,84.6%
10473,BRONX COMMUNITY HIGH SCHOOL,,,,,,,,,,,,,,,,Unclear - transfer school for older students,"1980 Lafayette Avenue, Bronx, NY 10473",http://insideschools.org/component/schools/school/1491,BRONX,9th Grade,12th Grade,198,70.2%,76.3%
10473,Bronx Compass High School,,,,,YES,,,YES,,,,,,YES,,Tech Squad,"1980 Lafayette Avenue, Bronx, NY 10473",http://insideschools.org/component/schools/school/8155,Bronx,9th Grade,11th Grade,195,100.0%,
10451,Bronx Design and Construction Academy,,,YES,,,,,,,,,,,,,Very new; hand-ons training in construction trades or architectural drafting,"333 East 151st Street, Bronx, NY 10451",http://insideschools.org/component/schools/school/1737,Bronx,9th Grade,12th Grade,429,92.0%,
10463,BRONX ENGINEERING AND TECHNOLOGY ACADEMY,,YES,YES,,,,,,,,,YES,,YES,,Technology Competitions; C/I has one after-school class; Bronx and ELL students,"99 TERRACE VIEW AVENUE, Bronx NY 10463",http://insideschools.org/component/schools/school/462,BRONX,9th Grade,12th Grade,439,77.9%,84.3%
10458,BRONX HIGH SCHOOL LAW AND COMMUNITY SERVICES,,,YES,,,,,,,,,,,,,None,"500 East Fordham Road, Bronx, NY 10458",http://insideschools.org/component/schools/school/474,BRONX,9th Grade,12th Grade,432,74.3%,79.4%
10457,BRONX HIGH SCHOOL OF BUSINESS,,,YES,,,,,,,,,,,YES,,Web Team,"240 East 172nd Street, Bronx, NY 10457",http://insideschools.org/component/schools/school/399,BRONX,9th Grade,12th Grade,398,80.2%,83.9%
10456,BRONX INTERNATIONAL HIGH SCHOOL,,,YES,,,,,,,,,YES,,,,C/I has one after-school class,"1110 BOSTON ROAD, BRONX, NY 10456",http://www.bronxinternationalhs.com/,BRONX,9th Grade,12th Grade,393,99.2%,99.2%
10456,BRONX LATIN SCHOOL,,,,,,,,,,,,,,,,Unclear; no extracurricular; ranked top 50 NYC HS; 718-991-6349,"800 Home Street, Rm. 426; Bronx, NY 10456",http://bronxlatin.com/,BRONX,6th Grade,12th Grade,418,88.0%,93.3%
10457,BRONX LEADERSHIP ACADEMY HIGH SCHOOL,,,,YES,YES,,,,,YES,,,,,,Unclear,"1710 WEBSTER AVENUE , Bronx NY 10457",http://insideschools.org/component/schools/school/404,BRONX,9th Grade,12th Grade,703,81.2%,90.3%
10459,BRONX LIGHTHOUSE CHARTER SCHOOL,,,,,,,,,,,,,,,YES,Technology Instruction during the schoolday,1001 INTERVALE AVE,http://www.lighthouse-academies.org/schools/bronx,BRONX,Kindergarten,11th Grade,636,82.0%,
10457,BRONX PREPARATORY CHARTER SCHOOL,,,,,,,,,,,,,,,YES,Every student admitted to at least 1 college; 50% more classroom time than other schools (extended day/year),3872 3RD AVE,http://www.bronxprep.org/,BRONX,5th Grade,12th Grade,686,,79.7%
10459,BRONX REGIONAL HS,,,,,,,,,,,,,,,,Transition school for kids who have experienced setbacks in other HSs,"1010 REV. J. A. POLITE AVENUE, Bronx NY 10459",http://insideschools.org/component/schools/school/1330,Bronx,10th Grade,12th Grade,255,84.0%,
10451,"BRONX SCHOOL FOR LAW, GOVERNMENT AND JUSTICE",,,,,,,,,,,,,,,,None; partner with BuildOn nonprofit (mentorship program),"244 East 163rd Street, Bronx, NY 10451",http://www.bronxlgj.org/,BRONX,6th Grade,12th Grade,763,63.3%,76.8%
10463,BRONX SCHOOL OF LAW AND FINANCE,,YES,YES,,,,,,,,,,,,,None; themed on law/court,"99 Terrace View Avenue, Bronx, NY 10463",http://www.lawandfinance.org/,BRONX,9th Grade,12th Grade,422,76.3%,82.5%
10463,BRONX THEATRE HIGH SCHOOL,,,,,,,,,,,,,,,,None; arts and theater school,"99 Terrace View Avenue, Bronx, NY 10463",http://www.bxtheatre.org/,BRONX,9th Grade,12th Grade,447,73.6%,78.7%
10469,Bronxdale High School,,,YES,,,,,,,,,,,,,Unclear; small classes,"925 Astor Ave, Bronx NY 10469",http://insideschools.org/component/schools/school/1736,Bronx,9th Grade,11th Grade,332,86.0%,
11236,BROOKLYN BRIDGE ACADEMY,,,,,,,,,,,,,,,,Unclear,"6565 FLATLANDS AVENUE, Brooklyn NY 11236",http://schools.nyc.gov/SchoolPortals/18/K578/default.htm,BROOKLYN,9th Grade,12th Grade,214,84.6%,98.6%
11233,BROOKLYN COLLEGIATE A COLLEGE BOARD SCHOOL,,,,,,,,,,,,,,,,Unclear:  718-922-1145,"2021 Bergen Street, Brooklyn, NY 11233",http://www.brooklyncollegiate.net/,BROOKLYN,6th Grade,12th Grade,580,73.3%,82.8%
11205,Brooklyn Community Arts and Media High School,,,,,YES,,,,,YES,,,,,,Unclear,"300 Willoughby Avenue, Brooklyn, NY 11205",http://insideschools.org/component/schools/school/1376,BROOKLYN,9th Grade,12th Grade,4011,86.0%,
11221,Brooklyn High School for Law and Technology,YES,,,,,,,,,,,,,,,Current ScriptEd School,"1396 BROADWAY, Brooklyn NY 11221",http://insideschools.org/component/schools/school/694,BROOKLYN,9th Grade,12th Grade,518,84.0%,
11201,Brooklyn International High School,YES,,,,,,,,,,,,,,,Current ScriptEd School,"49 Flatbush Avenue Extension, Brooklyn, NY 11201",http://insideschools.org/component/schools/school/613,BROOKLYN,9th Grade,12th Grade,343,100.0%,
11205,Brooklyn Leadership (transfer school),,,,,YES,YES,YES,,,,,,,,,None,"300 Willoughby Avenue, Brooklyn, NY 11205",http://insideschools.org/component/schools/school/1525,BROOKLYN,9th Grade,12th Grade,233,77.0%,
11211,BROOKLYN PREPARATORY HIGH SCHOOL,,,,,,,,,,,,,,,,Web Design offered,"257 North 6th Street, Brooklyn, NY 11211","http://www.brooklynprephs.org/
http://insideschools.org/component/schools/school/615",BROOKLYN,9th Grade,12th Grade,400,68.0%,78.8%
11201,BROOKLYN SCHOOL FOR GLOBAL STUDIES,,,,,,,,,,,,,,,,Unclear; 718-694-9741,"284 Baltic Street, Brooklyn, NY 11201",http://schools.nyc.gov/schoolportals/15/k429/default.htm,BROOKLYN,6th Grade,12th Grade,354,70.9%,80.2%
11225,Brooklyn School for Music and Theatrer,,,YES,,,,,,,,,,,YES,,Tech Team,"883 Classon Ave, Brooklyn NY 11225",http://insideschools.org/component/schools/school/768,BROOKLYN,9th Grade,12th Grade,399,81.0%,
11236,Brooklyn Theatre Arts High School,,,YES,,,,,,,,,,,,,Drama and Theater focused,"6565 FLATLANDS AVENUE, Brooklyn NY 11236",http://insideschools.org/component/schools/school/1487,BROOKLYN,9th Grade,12th Grade,401,87.0%,
11221,BUSHWICK LEADERS HS FOR ACADEMIC EXCELLENCE,,,,,,,,,,,,,,,,Note: Library built with support from JP Morgan; Robotics club,"797 Bushwick Ave, Brooklyn NY 11221",http://www.bushwickleaders.org/,BROOKLYN,9th Grade,12th Grade,461,92.0%,95.0%
11237,BUSHWICK SCHOOL FOR SOCIAL JUSTICE,,,,,,,,,,,,,,,,None,"400 IRVING AVENUE, Brooklyn NY 11237",http://insideschools.org/component/schools/school/987,BROOKLYN,9th Grade,12th Grade,434,80.0%,83.6%
10019,Business of Sports School,,,YES,,,,,,,,,,,,,Uses sports to push business or technical career; Computer Tech offered,"439 West 49th St, Manhattan NY 10019",http://insideschools.org/component/schools/school/1591,MANHATTAN,9th Grade,12th Grade,420,100.0%,
11423,Cambria Heights Academy,,,,,YES,,,YES,,,,,,,,None,"188-4 91st Avenue, Hollis, NY 11423",http://insideschools.org/component/schools/school/1659,Queens,9th Grade,12th Grade,336,76.0%,
10029,CENTRAL PARK EAST HIGH SCHOOL,,,,,YES,,,,,YES,,,,,,"""Science Lab Tech"", ""good college office""","1573 MADISON AVENUE, Manhattan NY 10029",http://insideschools.org/component/schools/school/187,MANHATTAN,9th Grade,12th Grade,445,75.1%,89.4%
10013,CHELSEA CAREER AND TECHNICAL EDUCATION HIGH SCHOOL,,,YES,,,,,,,,,,,,,Certifications in Computer Networking ,"131 Avenue of the Americas, New York, NY 10013","http://www.chelseahighschool.ws/
http://insideschools.org/component/schools/school/114",MANHATTAN,9th Grade,12th Grade,465,64.5%,75.3%
10040,CITY COLLEGE ACADEMY OF THE ARTS,,,,,,,,,,,,,,,,Web Design,"4600 Broadway, New York, NY 10040",http://schools.nyc.gov/SchoolPortals/06/M293/default.htm,MANHATTAN,6th Grade,12th Grade,586,74.9%,81.4%
11201,"City Polytechnic High School of Engineering, Architecture, and Technology",YES,YES,,,,,,,,,,,,,,Current ScriptEd School,"105 Tech Place, Brooklyn, NY 11201",http://insideschools.org/component/schools/school/1596,BROOKLYN,9th Grade,12th Grade,451,73.0%,
11225,CLARA BARTON HIGH SCHOOL,,,YES,,,,,,,,,,,,,None,"901 Classon Avenue, Brooklyn, NY 11225",http://insideschools.org/component/schools/school/770,BROOKLYN,9th Grade,12th Grade,1605,68.0%,77.9%
10457,Claremont International High School,YES,,,,,,,,,,,,,,,Current ScriptEd School,"240 East 172nd Street, Bronx, NY 10457",http://insideschools.org/component/schools/school/8215,Bronx,9th Grade,11th Grade,171,100.0%,
10035,COALITION SCHOOL FOR SOCIAL CHANGE,,,,,,,,,,,,,,,,MOUSE Squad,"2351 1st Avenue, New York, NY 10035",http://insideschools.org/component/schools/school/84,MANHATTAN,9th Grade,12th Grade,349,96.0%,97.7%
11201,COBBLE HILL SCHOOL OF AMERICAN STUDIES,,,YES,,,,,,,,,,,,,None,"347 BALTIC STREET, Brooklyn NY 11201",http://www.cobblehillhighschool.org/,BROOKLYN,9th Grade,12th Grade,652,77.8%,83.1%
10469,COLLEGIATE INSTITUTE FOR MATH AND SCIENCE,,,,,,,,,,,,,,YES,,"Web Design and Development Club; AP classes, college trips","925 Astor Avenue, Bronx, NY 10469",http://insideschools.org/component/schools/school/523,BRONX,9th Grade,12th Grade,543,70.7%,80.1%
10451,COMMUNITY SCHOOL FOR SOCIAL JUSTICE,,,,,,,,,,,,,,,,None,"350 Gerard Avenue, Bronx, NY 10451",http://insideschools.org/component/schools/school/289,BRONX,9th Grade,12th Grade,317,78.5%,86.8%
10456,Comprehensive Model School Project,,,,,YES,,,,,YES,,,,,,None,"580 Crotona Park South, Bronx, NY 10456",http://insideschools.org/component/schools/school/386,BRONX,6th Grade,10th Grade,543,97.0%,
10029,Cristo Rey New York High School,YES,,,,,,,,,,,,,,,Current ScriptEd School,"112 East 106th Street, New York, NY 10029",http://www.cristoreyny.org/,MANHATTAN,9th Grade,12th Grade,?,?,
10458,CROTONA INTERNATIONAL HIGH SCHOOL,,,YES,,,,,,,,,,,,,"All Immigrants (ELL), Tech Club;  (718) 561-8701 ","2474 CROTONA AVENUE, Bronx, NY 10458",http://insideschools.org/component/schools/school/8147,Bronx,9th Grade,12th Grade,252,100.0%,
11203,Cultural Academy for the Arts and Sciences,,,,,YES,,,,,,,,,,,Unclear,"5800 Tilden Avenue, Brooklyn, NY 11203",http://insideschools.org/component/schools/school/1508?Itemid=64,BROOKLYN,9th Grade,12th Grade,309,82.0%,
10468,DEWITT CLINTON HIGH SCHOOL,,,YES,,,,,,,,,,,,,Unclear; multiple initiatives and extracurriculars,"100 WEST MOSHOLU PARKWAY SOUTH, BRONX NY",http://insideschools.org/component/schools/school/475,BRONX,9th Grade,12th Grade,2746,76.0%,
10468,DISCOVERY HIGH SCHOOL,,,,,,,,,,,,YES,,,,Offer 'digital video'; and C/I has one after-school class,"2780 Reservoir Avenue, Bronx, NY 10468",http://insideschools.org/component/schools/school/482,BRONX,9th Grade,12th Grade,524,77.1%,83.4%
11205,DR SUSAN S MCKINNEY SECONDARY SCHOOL OF THE ARTS,,,,YES,,,,,,,,,,,,None; has robotics program; 718-834-6760,"101 Park Avenue, Brooklyn, NY, 11205",http://www.mckinneyssa.com/,BROOKLYN,6th Grade,12th Grade,446,71.7%,77.8%
10457,DREAMYARD PREPARATORY SCHOOL,,,,,,,,,,,,,,,,None (arts focus),"240 East 172nd Street, Bronx, NY 10457",http://rblanc6.wix.com/welcomedyp,BRONX,9th Grade,12th Grade,348,79.6%,83.3%
10457,Eagle Academy for Young Men,,,,,YES,,,YES,YES,,,,,,,Computer Science AB Courses,"4143 3rd Avenue, Bronx, NY 10457",http://insideschools.org/component/schools/school/390,Bronx,6th Grade,12th Grade,645,81.0%,
10460,EAST BRONX ACADEMY FOR THE FUTURE,,,,,,,,,,,,,,,,None,"1716 Southern Boulevard, Bronx, NY 10460",https://sites.google.com/a/eastbronxacademy.org/welcome-to-east-bronx-academy/,BRONX,6th Grade,12th Grade,617,79.3%,82.8%
11207,EAST NEW YORK FAMILY ACADEMY,,,,,YES,YES,,,,,,,,,,None; (718) 927-0012,2057 LINDEN BOULEVARD; Brooklyn NY 11207,http://schools.nyc.gov/SchoolPortals/19/K409/default.htm,BROOKLYN,6th Grade,12th Grade,433,74.4%,85.7%
10009,EAST SIDE COMMUNITY SCHOOL,,,,,,,,,,,,,,,,Art and Computer Design Extracurricular Class (nothing in main curriculum),"420 East 12th Street, New York, NY 10009",http://www.eschs.org/,MANHATTAN,6th Grade,12th Grade,597,70.7%,79.4%
11355,EAST WEST SCHOOL OF INTERNATIONAL STUDIES,,,,,YES,,,,YES,YES,,,,,,"- Yes - 1 CS teacher 
- Advertise Girls Who Code Summer Immersion Program","46-21 Colden Street, Flushing, NY 11355",http://www.ewsis.org/,Queens,6th Grade,12th Grade,615,66.8%,79.7%
11221,EBC HIGH SCHOOL FOR PUBLIC SERVICE BUSHWICK,,,,,,,,,,,,,,,,None,"1155 DEKALB AVENUE, Brooklyn NY 11221",http://insideschools.org/component/schools/school/986,BROOKLYN,9th Grade,12th Grade,606,90.1%,94.4%
10025,Edward A. Reynolds West Side HS,,,,,YES,YES,,,,,,,,,,Unclear,"140 West 102nd Street, New York, NY 10025",http://insideschools.org/component/schools/school/1321,MANHATTAN,9th Grade,12th Grade,522,86.0%,
10002,EMMA LAZARUS HIGH SCHOOL,,,,,,,,,,,,,,,,All ELL students; ,"100 HESTER STREET, Manhattan NY 10002",http://www.emmalazarus.org/,MANHATTAN,9th Grade,12th Grade,255,86.3%,93.3%
11106,Energy Tech High School,,,YES,,YES,YES,,,,,,,,,,Six-year program where students study engineering and get associates degree,"36-41 28 St, Queens NY 11106",http://insideschools.org/component/schools/school/8255,Queens,9th Grade,14th Grade,119,77.0%,
10463,ENGLISH LANGUAGE LEARNERS AND INTERNATIONAL SUPPOR,,,,,,,,,,,,,,,,ELL focus,"99 Terrace View Avenue, Bronx, NY 10463",http://schools.nyc.gov/SchoolPortals/10/X397/default.htm,BRONX,9th Grade,12th Grade,311,83.9%,88.1%
10456,EXIMIUS COLLEGE PREPARATORY ACADEMY,,,,,,,,,,,,,,YES,,Technology Club,"1363 FULTON AVENUE, Bronx NY 10456",http://insideschools.org/component/schools/school/392?Itemid=64,BRONX,9th Grade,12th Grade,355,82.5%,92.4%
11214,Expeditionary Learning School for Community Leaders,,,,,YES,,,,YES,,,,,YES,,Web Design Club,"2630 Benson Avenue, Brooklyn, NY 11214",http://insideschools.org/component/schools/school/1480?Itemid=64,Brooklyn,9th Grade,12th Grade,276,79.0%,
10460,EXPLORATIONS ACADEMY,,,,,,,,,,,,,,YES,,Technology Club,"1619 Boston Road, Bronx, NY 10460",http://insideschools.org/component/schools/school/393?Itemid=64,BRONX,9th Grade,12th Grade,363,99.2%,99.2%
10019,FACING HISTORY SCHOOL,,,,,,,,,,,,,,YES,,Tech Crew Club,"525 West 50th Street, New York, NY 10019","http://www.facinghistoryschool.org/
http://insideschools.org/component/schools/school/77",MANHATTAN,9th Grade,12th Grade,449,71.9%,77.5%
10460,FANNIE LOU HAMER FREEDOM HIGH SCHOOL,,,,,,,,,,,,YES,,,,Uses Khan Academy; C/I has 2 classes,"1021 JENNINGS STREET, Bronx NY 10460",http://insideschools.org/component/schools/school/577,BRONX,9th Grade,12th Grade,477,79.0%,91.0%
11207,FDNY High School for Fire and Life Safey,,,YES,,,,,,,,,,,YES,,Pathway to join the Fire Dept; Technology Extracurricular,"400 Pennsylvania Ave, Brooklyn NY 11207",http://insideschools.org/component/schools/school/826,BROOKLYN,9th Grade,12th Grade,296,83.0%,
10473,FELISA RINCON DE GAUTIER INSTITUTE FOR LAW AND PUB,,,YES,,,,,,,,,,,,,None,"1440 Story Avenue, Bronx, NY 10473",http://insideschools.org/component/schools/school/341?Itemid=64,BRONX,9th Grade,12th Grade,363,70.5%,76.6%
11355,FLUSHING INTERNATIONAL HIGH SCHOOL,,,,,YES,YES,,,,,,,,,,None; Internship program during spring,"144-80 Barclay Avenue, Flushing, NY 11355",http://www.flushinginternational.org/,Queens,9th Grade,12th Grade,421,79.3%,88.1%
10019,FOOD AND FINANCE HIGH SCHOOL,,,YES,,,,,,,,,,,,,Culinary HS; food handling certifications,"525 West 50th Street, New York, NY 10019",http://www.foodfinancehs.org/,MANHATTAN,9th Grade,12th Grade,433,66.7%,78.3%
10458,FORDHAM HIGH SCHOOL FOR THE ARTS,,,YES,,,,,,,,,YES,,,,Computer Science A; C/I has one after-school class; performing arts focused,"500 East Fordham Road, Bronx, NY 10458",http://insideschools.org/component/schools/school/472,BRONX,9th Grade,12th Grade,385,78.7%,85.2%
10458,FORDHAM LEADERSHIP ACADEMY FOR BUSINESS AND TECHNO,,,,,,,,,,,,,,,,"Paid Internships at Capital One; 80 students in JP Morgan mentors program
*Unclear if school is closing","500 East Fordham Road, Bronx, NY 10458",http://insideschools.org/component/schools/school/473,BRONX,9th Grade,12th Grade,449,76.8%,82.6%
11206,FOUNDATIONS ACADEMY,,,,,,,,,,,,,,,,None; AP Calc offered,"70 TOMPKINS AVENUE, Brooklyn NY 11206",http://insideschools.org/component/schools/school/719,BROOKLYN,9th Grade,12th Grade,138,73.2%,77.5%
11222,FRANCES PERKINS ACADEMY,,,,,,,,,,,,,,,,None,"50 Bedford Avenue, Brooklyn, NY 11222",http://insideschools.org/component/schools/school/1509?Itemid=64,BROOKLYN,9th Grade,12th Grade,173,91.9%,94.2%
11365,Francis Lewis High School,,,YES,,,,,,,,,,,,,Computer Science A; Tech Crew,"58-20 Utopia Parkway, Queens NY 11365",http://insideschools.org/component/schools/school/1099,Queens,9th Grade,12th Grade,4058,75.0%,
11204,FRANKLIN DELANO ROOSEVELT HIGH SCHOOL,,,,,,,,,,,,,,,,None; (718) 621-8800,"5800 20th Ave, Brooklyn, NY 11204",http://schools.nyc.gov/SchoolPortals/20/K505/default.htm,BROOKLYN,9th Grade,12th Grade,3171,71.4%,76.1%
10456,FREDERICK DOUGLAS ACADEMY III SECONDARY SCHOOL,,,,,YES,,,,,YES,,,,,,No info; Principal: RAHESHA AMON (718) 538-9726,"3630 3rd Ave, Bronx, NY 10456",http://schools.nyc.gov/SchoolPortals/09/X517/default.htm,BRONX,7th Grade,12th Grade,532,81.2%,87.6%
11212,FREDERICK DOUGLAS ACADEMY VII HIGH SCHOOL,,,,,,,,,,,,,,YES,,Women in Science Club - shares building with Teachers Prep HS,"226 Bristol Street, Brooklyn, NY 11212",http://insideschools.org/component/schools/school/959,BROOKLYN,9th Grade,12th Grade,360,72.5%,86.1%
10039,FREDERICK DOUGLASS ACADEMY,,,,,YES,,,,,,,,,,,None,"2581 Adam Clayton Powell Junior Boulevard, New York, NY 10039",http://www.fda1.org/,MANHATTAN,6th Grade,12th Grade,1549,68.9%,77.9%
11314,George Washington Carver High School for the Science,,,YES,,,,,,,,,,,,,Unclear; Internships and paid employment opportunities,"143-10 Sprinfield Blvd, Queens NY 11413",http://insideschools.org/component/schools/school/1222,Queens,9th Grade,12th Grade,498,75.0%,
11201,George Westinghouse High School,YES,,,,YES,,,,,YES,,,,,,Current ScriptEd School,"105 Johnson Street, Brooklyn, NY 11201",http://insideschools.org/component/schools/school/619,BROOKLYN,9th Grade,12th Grade,702,78.0%,
10032,GREGORIO LUPERON HIGH SCH FOR SCIENCE AND MATHEMAT,,,,,YES,,,,YES,,,,,,,Computer Science A Course,"501 West 165th Street, New York, NY 10032",http://insideschools.org/component/schools/school/260,MANHATTAN,9th Grade,12th Grade,472,90.3%,93.2%
10027,Harlem Village Academies High School,YES,,,,,,,,,,,,,,YES,Current ScriptEd School,"35 West 124th Street, Manhattan NY 10027",http://harlemvillageacademies.org/,MANHATTAN,9th Grade,12th Grade,?,?,
10003,HARVEY MILK HIGH SCHOOL,,,,,,,,,,,,,,,,"""Safehaven for LGBT students""; very small; limited offerings","2 Astor Place #3, New York, NY 10003",http://insideschools.org/component/schools/school/111,MANHATTAN,9th Grade,12th Grade,68,73.5%,85.3%
10455,"Health, Education, and Research occupations High School (H.E.R.O)",,,YES,,,,,,,,,,,,,High School diploma plus 2 years college credit; access to Hostos College,"455 Southern Blvd, Bronx NY 10455",http://insideschools.org/component/schools/school/8244,Bronx,9th Grade,10th Grade,126,100.0%,
11416,"HIGH SCH CONSTRUCTION, TRADES, ENGINEERING AND ARC",,,,,,,,,,,,,,,,Robotics offered; poor subway access; Calc AB,"94-06 104TH STREET, Queens NY 11416",http://insideschools.org/component/schools/school/1371,Queens,9th Grade,12th Grade,923,59.7%,75.7%
11368,HIGH SCHOOL FOR ARTS AND BUSINESS,,,YES,,,,,,,,,,YES,,,"None, Robotics and extensive extracurriculars; 718) 271-8383 ","105-25 HORACE HARDING EXPY N, Queens NY 11368",http://insideschools.org/component/schools/school/1030,Queens,9th Grade,12th Grade,845,81.3%,88.3%
10023,"High School for Arts, Imagination and Inquiry",,,YES,,,,,,,,,,,,,Unclear; art-infused learning,"122 Amsterdam Avenue, New York, NY 10023",http://insideschools.org/component/schools/school/150,MANHATTAN,9th Grade,12th Grade,435,83.0%,
10458,HIGH SCHOOL FOR ENERGY AND TECHNOLOGY,,,YES,,,,,,,,,,,,,None (shared campus with below),"2474 CROTONA AVENUE, Bronx, NY 10458","http://www.hsenergytech.org/
http://insideschools.org/component/schools/school/8153",Bronx,9th Grade,11th Grade,211,100.0%,
11225,High School for Global Citizenship,YES,,,,YES,,,,YES,,,,,,,Current ScriptEd School,"883 Classon Avenue, Brooklyn, NY 11225",http://insideschools.org/component/schools/school/759,BROOKLYN,9th Grade,12th Grade,256,88.0%,
10003,HIGH SCHOOL FOR HEALTH PROFESSIONS AND HUMAN SERVICES,,,YES,,,,,,,,,,,,,Computer Extracurricular offered,345 East 15th Sst Manhattan NY 10003,http://insideschools.org/component/schools/school/87,MANHATTAN,9th Grade,12th Grade,1706,100.0%,
11236,HIGH SCHOOL FOR INNOVATION IN ADVERTISING AND MEDIA,,,YES,,YES,,,,,YES,,,,,,Encourages blacks and hispanics to get involved in advertising and media,"1600 Rockaway Parkway, Brooklyn NY 11236",http://insideschools.org/component/schools/school/1510,BROOKLYN,9th Grade,12th Grade,313,81.0%,
10040,HIGH SCHOOL FOR INTERNATIONAL BUSINESS AND FINANCE,,,,,,,,,,,,,,,,MOS Certification and A+ Certification offered; (212) 927-1841,"549 AUDUBON AVENUE, Manhattan NY 10040",http://schools.nyc.gov/ChoicesEnrollment/High/Directory/school/?sid=1410,MANHATTAN,9th Grade,12th Grade,628,89.3%,93.9%
10003,High School for Language and Diplomacy,YES,,,,YES,,,,YES,,,,,,,Current ScriptEd School,"40 IRVING PLACE, Manhattan New York 10003",http://insideschools.org/component/schools/school/1592,MANHATTAN,9th Grade,12th Grade,358,87.0%,
10040,HIGH SCHOOL FOR LAW AND PUBLIC SERVICE,,,YES,,,,,,,,,,,,,None; Offer Calc AB; (212) 342-6130 ,"549 Audubon Ave, New York, NY 10040",http://www.hslps.net/,MANHATTAN,9th Grade,12th Grade,709,89.4%,92.1%
10468,HIGH SCHOOL FOR TEACHING AND THE PROFESSIONS,,,YES,,,,,,,,,,,,,None; (718) 329-7380 ,"2780 Reservoir Avenue, Bronx, NY 10468",http://insideschools.org/component/schools/school/469,BRONX,9th Grade,12th Grade,494,89.9%,99.4%
11226,HIGH SCHOOL FOR YOUTH AND COMMUNITY DEVELOPMENT,,,,,,,,,,,,,,,,None,"911 FLATBUSH AVENUE, Brooklyn NY 11226",http://insideschools.org/component/schools/school/762,BROOKLYN,9th Grade,12th Grade,384,71.4%,78.1%
10023,HIGH SCHOOL OF ARTS AND TECHNOLOGY,,,,YES,,,,,,,,,,,,MOUSE Squad; students run their own mock businesses,"122 Amsterdam Avenue, New York, NY 10023",http://www.hsartstech.org/,MANHATTAN,9th Grade,12th Grade,599,78.1%,85.6%
10467,HIGH SCHOOL OF COMPUTERS AND TECHNOLOGY,,,YES,,,,,,,,,,,,,CTE Computer Training Certifications; MOUSE Squad,"800 EAST GUN HILL ROAD, Bronx NY 10467",http://insideschools.org/component/schools/school/522,BRONX,9th Grade,12th Grade,548,92.7%,96.4%
10006,HIGH SCHOOL OF ECONOMICS AND FINANCE,,YES,YES,,,,,,,,,,,,,Paid and Unpaid internships; business plans; professional experience focus,"100 Trinity Place, Manhattan NY 10006",http://insideschools.org/component/schools/school/98,MANHATTAN,9th Grade,12th Grade,767,78.0%,
10019,HIGH SCHOOL OF HOSPITALITY MANAGEMENT,,,,,,,,,,,,,,,,Special courses on hotels/restaurants,"525 WEST 50TH STREET, Manhattan NY 10019",http://insideschools.org/component/schools/school/74,MANHATTAN,9th Grade,12th Grade,431,92.0%,
11214,HIGH SCHOOL OF SPORTS MANAGEMENT,,,,,,,,,,,,,,,,None; Sports-focused,"2630 Benson Avenue, Brooklyn, NY 11214",http://insideschools.org/component/schools/school/896,BROOKLYN,9th Grade,12th Grade,370,72.2%,77.8%
11220,High School of Telecommunication Arts and Technology,,,,,YES,,,YES,,,,,,,,None,"350 67th Street, Brooklyn, NY 11220",http://insideschools.org/component/schools/school/864,Brooklyn,9th Grade,12th Grade,1313,80.0%,
10472,HIGH SCHOOL OF WORLD CULTURES,,,,,,,,,,,,,,,,None; takes most students more than 4 years to graduate,"1300 Boynton Avenue, Bronx, NY 10472",http://insideschools.org/component/schools/school/575,BRONX,9th Grade,12th Grade,369,87.5%,91.6%
11432,HILLCREST HIGH SCHOOL,,,YES,,YES,,,,,YES,,,,,,Computer Science A Course,"160-05 HIGHLAND AVENUE, Queens NY 11432","http://www.hillcrestweb.com/
http://insideschools.org/component/schools/school/1183",Queens,9th Grade,12th Grade,3084,69.6%,79.3%
10459,HOLCOMBE L RUCKER SCHOOL OF COMMUNITY RESEARCH,,,,,,,,,,,,,,,,Unclear; good learning environment,"965 Longwood, Bronx NY",http://insideschools.org/component/schools/school/1383?Itemid=64,BRONX,9th Grade,12th Grade,330,76.4%,81.5%
11203,HS FOR PUBLIC SERVICE HEROES OF TOMORROW,,,,,,,,,,,,,,,,None; Top graduation rates; medical or legal tracks; ,"600 Kingston Avenue, Brooklyn, NY 11203",http://insideschools.org/component/schools/school/766,BROOKLYN,9th Grade,12th Grade,417,71.2%,81.8%
10474,HYDE LEADERSHIP CHARTER SCHOOL,,,,,,,,,,,,,,,YES,K-12 schools; high school housed in separate building,830 Hunts Point Ave,http://www.hydebronxny.org/,BRONX,Kindergarten,12th Grade,957,,94.4%
10463,IN TECH ACADEMY AKA MS HS 368,,,YES,YES,,,,,,,,,,,,MOUSE and Robotics,"2975 Tibbett Ave, Bronx NY, 10463",http://schools.nyc.gov/SchoolPortals/10/X368/Academics/CTE/default.htm,BRONX,6th Grade,12th Grade,1124,76.1%,82.2%
11101,INFORMATION TECHNOLOGY HIGH SCHOOL,,,YES,,,,,,,,,,,,,"CTE: Web Design, Apple Academy, Cisco Academy","21-16 44th Road, Long Island City, NY 11101",http://ithsnyc.org/2013/home,Queens,9th Grade,12th Grade,917,72.5%,79.3%
11411,INSTITUTE FOR HEALTH PROFESSIONS AT CAMBRIA HEIGHTS,,,YES,,,,,,,,,,,,,Degrees: EMT or Nursing,"207- 01 116TH AVENUE, Queens NY 11411",http://insideschools.org/component/schools/school/8253,Queens,9th Grade,10th,82,79.0%,
10454,INTERNATIONAL COMMUNITY HIGH SCHOOL,,,,,YES,,,,,YES,,,,,,"Unclear, rough neighborhood","345 Brook Avenue, Bronx, NY 10454",http://insideschools.org/component/schools/school/1382,BRONX,9th Grade,12th Grade,437,93.0%,91.4%
11101,INTERNATIONAL HIGH SCHOOL AT LAGUARDIA COMMUNITY C,,,,,,,,,,,,,,,,Computer Science A offered (AP); for students in the US <4 years,"45-35 Van Dam Street, Long Island City, NY 11101","http://ihsnyc.org/
http://insideschools.org/component/schools/school/1029",Queens,9th Grade,12th Grade,493,79.3%,90.9%
11373,INTERNATIONAL HIGH SCHOOL FOR HEALTH SCIENCES,,,YES,,,,,,,,,,,,,ELL focus,"48-01 90 St, Queens NY 11373",http://insideschools.org/component/schools/school/8247,Queens,9th Grade,10th,50,100.0%,
10463,INTERNATIONAL LEADERSHIP CHARTER SCHOOL,,,,,,,,,,,,,,,YES,High attrition rate,2900 EXTERIOR STSTE 1R,http://insideschools.org/component/schools/school/1355?Itemid=64,BRONX,9th Grade,12th Grade,303,73.0%,99.0%
10468,INTERNATIONAL SCHOOL FOR LIBERAL ARTS,,,,,,,,,,,,,,,,Unclear: 718-329-8570,"2780 Reservoir Avenue, Bronx, NY 10468",http://www.islaschool.org/,BRONX,6th Grade,12th Grade,606,72.4%,75.2%
11203,IT TAKES A VILLAGE ACADEMY,,,,,,,,,,,,,,,,Computer Science A Course; G-12 Tech Program with NYU,"5800 TILDEN AVENUE, Brooklyn NY 11203","http://itava.org/
http://insideschools.org/component/schools/school/1481",BROOKLYN,9th Grade,12th Grade,382,76.7%,83.0%
10036,JACQUELINE KENNEDY ONASSIS HIGH SCHOOL,,YES,YES,,,,,,,,,,,,,None,"120 WEST 46 STREET, Manhattan NY 10026",http://insideschools.org/component/schools/school/102,MANHATTAN,9th Grade,12th Grade,721,74.5%,79.3%
11417,JOHN ADAMS HIGH SCHOOL,,,YES,,,,,,,,,,,,,None,"101-01 ROCKAWAY BOULEVARD, Queens, NY 11417",http://insideschools.org/component/schools/school/1151,Queens,9th Grade,12th Grade,3325,73.6%,81.6%
11223,JOHN DEWEY HIGH SCHOOL,,YES,YES,YES,,,,,,,,,YES,,,Future remains uncertain,"50 Avenue X, Brooklyn NY 11223",http://insideschools.org/component/schools/school/900,BROOKLYN,9th Grade,12th Grade,1937,83.0%,
10311,JOHN W LAVELLE PREPARATORY CHARTER SCHOOL,,,,,,,,,,,,,,,YES,Unclear,1 CORPORATE COMMONS1 TELEPORT,http://insideschools.org/component/schools/school/1652,STATEN ISLAND,6th Grade,10th Grade,383,76.0%,81.6%
11206,JUAN MOREL CAMPOS SECONDARY SCHOOL,,,,,,,,,,,,,,,,"Business Tech - design their own websites; 
Computer Technology application training","215 Heyward Street, Brooklyn, NY 11206",https://sites.google.com/a/juanmorelcampos.com/technology-jmcss/,BROOKLYN,6th Grade,12th Grade,864,94.1%,97.2%
10468,KINGSBRIDGE INTERNATIONAL HIGH SCHOOL,,,,,,,,,,,,,,,,Intensive immigrant school; no tech,"2780 Reservoir Avenue, Bronx, NY 10468",http://www.kingsbridgeinternational.org/home.aspx,BRONX,9th Grade,12th Grade,497,87.7%,89.5%
10451,KIPP ACADEMY CHARTER SCHOOL,,,,,,,,,YES,,,,,,YES,Unclear,250 EAST 156TH ST4TH FL,http://www.kippnyc.org/schools/kipp-nyc-college-prep/,BRONX,Kindergarten,12th Grade,841,,89.2%
10458,KNOWLEDGE AND POWER PREP ACADEMY INTERNATIONAL HIG,,,,,YES,,,,,,,,,,,None; part of Theodore Roosevelt Ed complex (6 schools),"500 East Fordham Road, Bronx, NY 10458",http://www.kappainternational.org/,BRONX,9th Grade,12th Grade,322,82.0%,90.7%
10011,LANDMARK HIGH SCHOOL,,,,,,,,,,,,,,,,None; progressive teaching styles,"351 West 18th Street, New York, NY 10011",http://www.landmarkhs.org/pd/02M419/index.html,MANHATTAN,9th Grade,12th Grade,413,78.7%,81.6%
10469,Language and Innovation,,,,,YES,,,,,,,,,,,None,"925 Astor Avenue, Bronx, NY 10469",http://insideschools.org/component/schools/school/1734,Bronx,9th Grade,12th Grade,255,97.0%,
10006,LEADERSHIP AND PUBLIC SERVICE HIGH SCHOOL,,,,,,,,,,,,,,,,None; partnership with Syracuse U,"90 Trinity Place, New York, NY 10006",http://leadershipnyc.org/,MANHATTAN,9th Grade,12th Grade,608,77.5%,80.1%
10457,LEADERSHIP INSTITUTE,,,,,,,,,,,,,,,,Unclear,"1701 FULTON AVENUE, Bronx NY 10457",http://insideschools.org/component/schools/school/1390,BRONX,9th Grade,12th Grade,228,78.1%,84.2%
11214,LIFE ACADEMY HIGH SCHOOL FOR FILM AND MUSIC,,,YES,,,,,,,,,,,,,None; incorporate film into curriculum,"2630 Benson Avenue, Brooklyn, NY 11214",http://lifeacademyhsnyc.org/,BROOKLYN,9th Grade,12th Grade,249,71.5%,75.5%
10128,LIFE SCIENCES SECONDARY SCHOOL,,,,,,,,,,,,,,YES,,None; Science Club; (212) 348-1694,"320 E 96th St, New York, NY 10128",http://www.lifesciencessecondaryschool.org/,MANHATTAN,6th Grade,12th Grade,717,69.5%,76.0%
11106,LONG ISLAND CITY HIGH SCHOOL,,YES,YES,,,,,,,,,,YES,,,Computer Science A course,"14-30 Broadway, Queens NY 11106",http://insideschools.org/component/schools/school/1262,Queens,9th Grade,12th Grade,2522,76.0%,
10002,LOWER EAST SIDE PREPARATORY HIGH SCHOOL,,,,YES,YES,,,,,YES,,,,,,Designed for students 17-21 years old who have dropped out or fallen behind,"145 STANTON STREET, Manhattan NY 10002",http://insideschools.org/component/schools/school/1322,MANHATTAN,10th Grade,12th Grade,551,100.0%,
11206,LYONS COMMUNITY SCHOOL,,,,,,,,,,,,,,,,"None - they do have electives like ""Business & Baking""","223 Graham Avenue, Brooklyn, NY 11206",http://www.lyonscommunityschool.org/,BROOKLYN,6th Grade,12th Grade,527,77.2%,82.2%
10016,MANHATTAN ACADEMY FOR ARTS & LANGUAGE,,,,YES,,,,,,,,,,,,MOUSE;  All ELL students,"111 EAST 33RD STREET, Manhattan NY 10016",http://insideschools.org/component/schools/school/1663,MANHATTAN,9th Grade,12th Grade,312,89.0%,
10019,MANHATTAN BRIDGES HIGH SCHOOL,,YES,YES,YES,,,,,,,,,,,,MOUSE Squad; Primarily ELL students from Spanish-speaking countries,"525 West 50th Street, New York, NY 10019",http://www.manhattanbridges.org/,MANHATTAN,9th Grade,12th Grade,541,88.5%,95.0%
10011,MANHATTAN BUSINESS ACADEMY,,,YES,,,,,,,,,,,,,Unclear; work with Virtual Enterprises nonprofit to create businesses; ,"351 West 18th Street, New York, NY 10011",http://insideschools.org/component/schools/school/1590,MANHATTAN,9th Grade,12th Grade,426,82.0%,
10029,MANHATTAN CENTER FOR SCIENCE AND MATH,,,,,,,,,,,,,YES,,,"Technology Department - AP CS, programming, Java, greenfoot","260 PLEASANT AVENUE, Manhattan NY 10029",http://mcsmportal.net/,MANHATTAN,9th Grade,12th Grade,1645,68.6%,80.7%
10065,Manhattan International High School,YES,,,,YES,,,,,,,,,,,Current ScriptEd School,"317,E 67th St,New York,NY,10065-6051",http://insideschools.org/component/schools/school/95,MANHATTAN,9th Grade,12th Grade,331,100.0%,
10463,MARBLE HILL HIGH SCHOOL OF INTERNATIONAL STUDIES,,,,,,,,,,,,,,,,Uses Khan Academy; shares building/resources with 7 other schools; ,"99 TERRACE VIEW AVENUE, Bronx NY 10463",http://marblehillschool.org/,BRONX,9th Grade,12th Grade,455,75.8%,82.6%
10002,MARTA VALLE HIGH SCHOOL,,,,,,,,,,,,,,,,MOUSE Squad,"145 STANTON STREET, Manhattan NY 10002","http://www.martavalle.org/
http://insideschools.org/component/schools/school/27",MANHATTAN,9th Grade,12th Grade,365,78.4%,87.9%
11212,METROPOLITAN DIPLOMA PLUS HIGH SCHOOL,,,,,,,,,,,,,,,,"Transfer school, very small","985 Rockaway Avenue, Brooklyn, NY 11212",http://insideschools.org/component/schools/school/1527?Itemid=64,BROOKLYN,9th Grade,12th Grade,180,76.7%,86.1%
10459,METROPOLITAN HIGH SCHOOL,,,,,,,,,,,,,,,,Unclear,"1180 Rev James A Polite Avenue, Bronx, NY 10459",http://insideschools.org/component/schools/school/569,BRONX,9th Grade,12th Grade,339,85.0%,93.5%
10456,MORRIS ACADEMY FOR COLLABORATIVE STUDIES,,,,,,,,,,,,,,,,Unclear,"1100 Boston Road, Bronx, NY 10456",http://insideschools.org/component/schools/school/574,BRONX,9th Grade,12th Grade,445,99.3%,99.3%
10457,MOTT HALL BRONX HIGH SCHOOL,,,,,,,,,,,,,,,,None; college-going students,"1595 Bathgate Avenue, Bronx, NY 10457",http://insideschools.org/component/schools/school/394,BRONX,9th Grade,12th Grade,348,73.6%,79.0%
10030,MOTT HALL HIGH SCHOOL,,,,,,,,,,,,,,,,Unclear (STEM emphasis?),"6 EDGECOMBE AVENUE, Manhattan NY 10030",http://insideschools.org/component/schools/school/214,MANHATTAN,9th Grade,12th Grade,426,79.6%,89.0%
10455,MOTT HAVEN VILLAGE PREP HIGH SCHOOL,,,,,,,,,,,,,,,,None,"701 Saint Anns Avenue, Bronx, NY 10455",http://insideschools.org/component/schools/school/290?Itemid=64,BRONX,9th Grade,12th Grade,362,81.2%,84.8%
11208,MULTICULTURAL HIGH SCHOOL,,,,,YES,,,,,YES,,,,,,None,"999 Jamaica Avenue, Brooklyn, NY 11208",http://insideschools.org/component/schools/school/1485,BROOKLYN,9th Grade,12th Grade,405,82.0%,84.7%
10016,MURRAY HILL ACADEMY,,,,YES,YES,,,,,YES,,,,,,MOUSE/Tech Squad,"111 EAST 33RD STREET, Manhattan NY 10016",http://insideschools.org/component/schools/school/1664,MANHATTAN,9th Grade,12th Grade,305,79.0%,
11217,NEW DAWN CHARTER HIGH SCHOOL,,,,,,,,,,,,,,,YES,Transfer school; older immigrant students,242 HOYT ST,http://insideschools.org/component/schools/school/8225,BROOKLYN,9th Grade,12th Grade,156,,84.0%
10002,NEW DESIGN HIGH SCHOOL,,,,,,,,,,,,,,,,Unclear; strong design program,"350 GRAND STREET, Manhattan NY 10002",http://www.newdesignhigh.com/,MANHATTAN,9th Grade,12th Grade,422,77.7%,86.7%
10451,NEW EXPLORERS HIGH SCHOOL,,,,,,,,,,,,,,,,None,"730 CONCOURSE VILLAGE WEST, Bronx NY 10451",http://www.mynehs.info/,BRONX,9th Grade,12th Grade,385,84.7%,86.8%
10463,NEW VISIONS CHARTER HIGH SCHOOL FOR ADVANCED MATH,,,,,,,,,,,,YES,,,YES,Unclear; small classes; longer days,99 Terrace View Ave,http://insideschools.org/component/schools/school/1741,BRONX,9th Grade,12th Grade,351,75.0%,27.4%
10455,NEW VISIONS CHARTER HIGH SCHOOL FOR HUMANITIES II,,,,,,,,,,,,,,,YES,AP Govt and Psych planned; ,455 SOUTHERN BLVD,http://insideschools.org/component/schools/school/8160?Itemid=64,BRONX,9th Grade,11th Grade,221,,82.4%
10466,NEW WORLD HIGH SCHOOL,,,,,,,,,,,,,,,,None; Primarily ELL school; lower than average skills,"921 East 228th Street, Bronx, NY 10466",http://insideschools.org/component/schools/school/530,BRONX,9th Grade,12th Grade,402,89.3%,93.3%
11101,NEWCOMERS HIGH SCHOOL,,,,,,,,,,,,,,,,Unclear,"2801 41st Avenue, Long Island City, NY 11101",http://newcomershs.schoolwires.net/site/default.aspx?PageID=1,Queens,9th Grade,12th Grade,925,78.8%,85.4%
10454,"NYC CHARTER HS ARCHITECTURE, ENGINEERING, CONSTRUC",,,,,,,,,,,,,,,YES,construction industry-focused,838 BROOK AVE,http://insideschools.org/component/schools/school/1583?Itemid=64,BRONX,9th Grade,12th Grade,450,90.0%,85.9%
11236,OLYMPUS ACADEMY,,,,,YES,,,,,,,,,,,Over-age and under-credited students,"755 East 100th Street, Brooklyn, NY 11236",http://www.olympusacademy.org/,BROOKLYN,9th Grade,12th Grade,203,62.1%,75.4%
10473,PABLO NERUDA ACADEMY FOR ARCHITECTURE AND WORLD ST,,,,,,,,,,,,,,,,"None; small classes, offers digital media","1980 Lafayette Avenue, Bronx, NY 10473",http://www.pablonerudaacademy.org/,BRONX,9th Grade,12th Grade,349,71.6%,77.9%
11373,PAN AMERICAN INTERNATIONAL HIGH SCHOOL,,,,,,,,,,,,,,,,All Spanish speakers,"45-10 94th Street, Elmhurst, NY 11373",http://panamericanihs.org/,Queens,9th Grade,12th Grade,366,81.7%,86.9%
10472,PAN AMERICAN INTERNATIONAL HIGH SCHOOL AT MONROE,,,,,,,,,,,,,,,,None; primarily ELL; Part of internationals network for public schools; ,"1300 Boynton Avenue, Bronx, NY 10472",http://insideschools.org/component/schools/school/1504,BRONX,9th Grade,12th Grade,404,95.5%,95.5%
11215,PARK SLOPE COLLEGIATE,,,,,,,,,,,,,,,,Unclear; (718) 832-4300,"237 7th Avenue, Brooklyn, NY 11215",http://www.parkslopecollegiate.org/,BROOKLYN,6th Grade,12th Grade,394,76.1%,82.5%
11213,Pathways in Technology Early College High School (P-Tech),,,YES,,YES,,,YES,,,,,,,,Tech focus,"150 Albany Avenue, Brooklyn, NY 11213",http://insideschools.org/component/schools/school/1724,BROOKLYN,9th Grade,12th Grade,330,76.0%,
10459,PEACE AND DIVERSITY ACADEMY,,,,,,,,,,,,,,,,None - No AP and few extracurriculars,"1180 Rev James A Polite Avenue, Bronx, NY 10459",http://insideschools.org/component/schools/school/333,BRONX,9th Grade,12th Grade,223,77.6%,84.3%
11211,PROGRESS HIGH SCHOOL FOR PROFESSIONAL CAREERS,,,,,,,,,,,,,,,,Teaching program for CISCO certification; ,"850 Grand Street, Brooklyn, NY 11211","http://www.progresshighschool.org/
http://insideschools.org/component/schools/school/650",BROOKLYN,9th Grade,12th Grade,1067,77.3%,81.7%
11432,QUEENS COLLEGIATE   A COLLEGE BOARD SCHOOL,,,,,,,,,,,,,,,,None; 718-658-4016,"167-01 GOTHIC DRIVE; Jamaica, NY 11432",https://queenscollegiate.wordpress.com/,Queens,6th Grade,12th Grade,522,65.7%,81.6%
11691,"Queens High School for Information, Research & Technology (QIRT)",,,YES,,,,,,,,,,,,,Unclear,"8-21 Bay 25th Street, Far Rockaway, NY 11691",http://insideschools.org/component/schools/school/1517?Itemid=64,Queens,9th Grade,12th Grade,394,80.0%,
11354,Queens High School of Language Studies,,,,,YES,,,,,YES,,,,YES,,Computer Programming Club,"35-01 UNION STREET, Queens, NY 11354",http://insideschools.org/component/schools/school/8245,Queens,9th Grade,10th Grade,70,93.0%,
11432,QUEENS SATELLITE HIGH SCHOOL FOR OPPORTUNITY,,,,,,,,,,,,,,,,Transfer students; business internships available,"162-02 HILLSIDE AVENUE, Queens NY 11432",http://insideschools.org/component/schools/school/8179,Queens,9th Grade,12th Grade,245,74.7%,89.4%
11101,Queens Vocational Technical High School,YES,,,,YES,,,YES,,,,,,,,Current ScriptEd School,"37-02 47th Avenue, Long Island City, NY 11101",http://insideschools.org/component/schools/school/1032,Queens,9th Grade,12th Grade,1514,85.0%,
10029,Renaissance Charter High School for Innovation,,,,,YES,,,YES,,,,,,,YES,Unclear,"410 EAST 100 STREET, Manhattan NY 10029",http://insideschools.org/component/schools/school/1668,Manhattan,9th Grade,12th Grade,435,82.0%,
10004,Richard R Green High School for Teaching,YES,,,,YES,,,,,,,,,,,Current ScriptEd School,"7 Beaver Street, New York, NY 10004",http://insideschools.org/component/schools/school/110,MANHATTAN,9th Grade,12th Grade,593,85.0%,
11418,Richmond Hill High School,,YES,YES,,,,,,,,,,,YES,,Technology Club,"89-30 114th Street, Richmond Hill, NY 11418",http://insideschools.org/component/schools/school/1150,Queens,9th Grade,12th Grade,2225,82.0%,
11233,ROADS CHARTER SCHOOL 1,,,,,,,,,,,,,,,YES,alternative charter for older youth,1495 HERKIMER ST,http://insideschools.org/component/schools/school/8158,BROOKLYN,9th Grade,12th Grade,172,,81.4%
10459,ROADS CHARTER SCHOOL II,,,,,,,,,,,,,,,YES,"alternative charter for older youth; 3 ""cohorts"" (no ""grades"")",1010 REV JAMES POLITE AVE,http://insideschools.org/component/schools/school/8159,BRONX,9th Grade,12th Grade,172,,82.0%
11208,School for Classics,,,,,YES,YES,,,,,,,,,,None,"370 Fountain Avenue, Brooklyn, NY 11208",http://insideschools.org/component/schools/school/1651,Brooklyn,9th Grade,12th Grade,309,86.0%,
11203,SCHOOL FOR DEMOCRACY AND LEADERSHIP,,,,,,,,,,,,,,,,Unclear; Robotics and Online Learning; (718) 771-4865 ,"600 Kingston Avenue, Brooklyn, NY 11203",http://insideschools.org/component/schools/school/761,BROOKLYN,6th Grade,12th Grade,404,65.3%,75.0%
10456,SCHOOL FOR EXCELLENCE,,,,,,,,,,,,,,,,Unclear,"1110 BOSTON ROAD, BRONX, NY 10456",http://schools.nyc.gov/SchoolPortals/09/X404/default.htm,BRONX,9th Grade,12th Grade,386,99.2%,99.2%
11203,SCHOOL FOR HUMAN RIGHTS,,,,,YES,,,,YES,YES,,,,YES,,Computer Animation Club; (718) 771-4793,"600 Kingston Ave, Brooklyn, NY 11203",http://schools.nyc.gov/SchoolPortals/17/K531/AboutUs/Overview/Extracurricular+Activities.htm,BROOKLYN,6th Grade,12th Grade,386,75.9%,84.2%
11201,School for International Studies,,,YES,,,,,,,,,,,,,None,"284 Baltic Street, Brooklyn, NY 11201",http://insideschools.org/component/schools/school/693,BROOKLYN,6th Grade,12th Grade,479,76.0%,
11211,SCHOOL FOR LEGAL STUDIES,,,YES,,YES,,,,,YES,,,,,,None,"850 Grand Street, Brooklyn, NY 11211",http://insideschools.org/component/schools/school/651,BROOKLYN,9th Grade,12th Grade,753,77.3%,84.2%
11201,"Science Skills Center High School for Science, Technology and the Creative Arts",,,YES,,YES,,,,YES,YES,,,YES,,,Computer Science A course and Technology Club,49 FLATBUSH AVENUE EXTENSION Brooklyn NY 11201,http://insideschools.org/component/schools/school/611,BROOKLYN,9th Grade,12th Grade,537,75.0%,
11226,"SCIENCE, TECH AND RESEARCH HIGH SCHOOL AT ERASMUS",,,YES,,,,,,,,,,,YES,,"Main page has none, but NYC schools page lists Brooklyn College Science Tech Entry Program (STEP) and an after school Technology Club;  Principal: Eric Blake: 718-564-2540",911 FLATBUSH AVENUE Brooklyn NY 11226,"http://schools.nyc.gov/SchoolPortals/17/K543/AboutUs/Overview/Extracurricular+Activities.htm
http://www.starec.org/
http://www.starec.org/class_listing.aspx?id=6a654b4c-5ed5-4cd6-9fd9-4ab4d8a4a4f7",BROOKLYN,6th Grade,12th Grade,520,81.2%,98.5%
11215,SECONDARY SCHOOL FOR JOURNALISM,,,,,,,,,,,,,,,,None (have digital media art),"237 7th Ave, Brooklyn, NY 11215",http://secondaryschoolforjournalism.com/,BROOKLYN,7th Grade,12th Grade,337,72.4%,78.9%
11215,SECONDARY SCHOOL FOR LAW,,,,,,,,,,,,,,,,Unclear; Principal: ONEATHA SWINTON; 718-832-4250,"237 7 AVENUE, Brooklyn, NY 11215",http://schools.nyc.gov/SchoolPortals/15/K462/AboutUs/Overview/Extracurricular+Activities.htm,BROOKLYN,7th Grade,12th Grade,473,74.2%,81.6%
10454,SOUTH BRONX PREPARATORY   A COLLEGE BOARD SCHOOL,,,,,,,,,,,,,,,,Unclear; they have code.org listed as a link/resource,"360 EAST 145 STREET, Bronx NY 10454",http://schools.nyc.gov/SchoolPortals/07/X221/default.htm,BRONX,6th Grade,12th Grade,621,76.3%,81.5%
11231,SOUTH BROOKLYN COMMUNITY HIGH SCHOOL,,,,,,,,,,,,,,,,None; difficult commute for some students (17min bus ride after subway),"173 Conover Street, Brooklyn, NY 11231",http://insideschools.org/component/schools/school/698,BROOKLYN,9th Grade,12th Grade,146,72.6%,79.5%
10019,Stephen Mather  for Building Arts and Craftsmanship High School,,,YES,,,,,,,,,,,,,None,"439 WEST 49TH STREET, Manhattan, NY 10019",http://insideschools.org/component/schools/school/8252,MANHATTAN,9th Grade,10th Grade,85,84.0%,
11212,TEACHERS PREPERATORY HIGH SCHOOL,,,,,,,,,,,,,,,,None; (718) 498-2605," 226 Bristol Street, Brooklyn, NY 11212",http://www.teachersprep.org/,BROOKLYN,6th Grade,12th Grade,565,74.5%,86.7%
11221,The Brooklyn Academy for Global Finance,,YES,YES,,,,,,,,,,,,,Unclear,"125 Stuyvesant Avenue, Brooklyn, NY 11221",http://insideschools.org/component/schools/school/1598?Itemid=78,BROOKLYN,6th Grade,12th Grade,148,100.0%,
10468,THE CELIA CRUZ BRONX HIGH SCHOOL OF MUSIC,,,,,,,,,,,,,,,,None; music training; most extracurriculars have to do with music,"2780 Reservoir Avenue, Bronx, NY 10468",http://www.ccbxhsm.org/,BRONX,9th Grade,12th Grade,422,69.2%,78.0%
11211,"The HIGH SCHOOL FOR ENTERPRISE, BUSINESS AND TECHNOLOGY",,,YES,YES,,,,,,,,,,,,MOUSE and National Technical Honor Society,"850 Grand Street, Brooklyn, NY 11211",http://insideschools.org/component/schools/school/652,BROOKLYN,9th Grade,12th Grade,1016,81.0%,
10011,The High School of Fashion Industries,,,YES,,,,,,,,,,,,,"Majors: Fashion design or marketing, and grapahics/illustration","225 West 25th St, Manhattan NY 10011",http://insideschools.org/component/schools/school/112,MANHATTAN,9th Grade,12th Grade,1732,82.0%,
11201,THE URBAN ASSEMBLY SCHOOL OF MUSIC AND ART AT WATE,,,,,,,,,,,,,,,,None,"49 FLATBUSH AVENUE EXTENSION, Brookly NY 11201",http://uamusicandart.org/,BROOKLYN,9th Grade,12th Grade,431,75.4%,81.2%
11432,Thomas Edison Career and Technical Education High School,,,YES,,,,,,,,,,,YES,,Computer Club,"165-65 84th Avenue, Jamaica, NY 11432",http://insideschools.org/component/schools/school/1184,Queens,9th Grade,12th Grade,2168,77.0%,
10030,THURGOOD MARSHALL ACADEMY FOR LEARNING AND SOCIAL,,,,,,,,,,,,,,,,"Unclear, no extracurriculars in tech: 212-283-8055","200-214 WEST 135TH STREET; Manhattan, NY 10030",http://schools.nyc.gov/schoolportals/05/m670/default.htm,MANHATTAN,6th Grade,12th Grade,580,74.3%,83.8%
11208,TRANSIT TECH CAREER AND TECHNICAL EDUCATION HIGH S,,,YES,,,,,,,,,,,,,"Computer Science A; Computer Engineering and IT (IC3, MOS & Cisco IT Essential certification.) College Credit while in HS; rigorous tech education (as related to transit jobs)","1 Wells St, Brooklyn NY, 11208",http://transittechhs.org/about/career-and-technical-education-cte/,BROOKLYN,9th Grade,12th Grade,1309,74.1%,84.7%
10003,Union Square Academy for Health Sciences,,,YES,,,,,,,,,,,,,unclear ,"40 Irving Place, New York, NY 10003",http://insideschools.org/component/schools/school/8150,MANHATTAN,9th Grade,11th Grade,223,83.0%,
10016,UNITY CENTER FOR URBAN TECHNOLOGIES,,,,,,,,,,,,,,,,Robotics ,"111 EAST 33RD STREET, Manhattan NY 10016",http://www.ucfut.net/,MANHATTAN,9th Grade,12th Grade,237,77.2%,84.8%
10002,UNIVERSITY NEIGHBORHOOD HIGH SCHOOL,,,,,,,,,,,,,,,,Robotics and Digital Art offered,"200 MONROE STREET, Manhattan NY 10002",http://insideschools.org/component/schools/school/25,MANHATTAN,9th Grade,12th Grade,391,85.4%,85.9%
10455,UNIVERSITY PREP CHARTER HIGH SCHOOL,,,,,,,,,,,,,,,YES,Aims to replicate success of Green Dot schools in L.A.,600 ST ANN'S AVE,http://insideschools.org/component/schools/school/1539,BRONX,9th Grade,12th Grade,364,92.0%,88.2%
11236,Urban Action Academy,,,YES,,YES,,,,,,,,,,,Unclear,"1600 Rockaway Parkway, Brooklyn, NY 11236",http://insideschools.org/component/schools/school/1512?Itemid=64,BROOKLYN,9th Grade,12th Grade,312,79.0%,
10002,URBAN ASSEMBLY ACADEMY OF GOVERNMENT AND LAW,,,,,,,,,,,,,,,,None,"350 Grand Street, New York, NY 10002",http://urbanassembly.org/gal.html,MANHATTAN,9th Grade,12th Grade,310,71.3%,81.9%
10027,URBAN ASSEMBLY FOR THE PERFORMING ARTS,,,,,,,,,,,,,,,,Unclear - Uses arts as teaching tool for college-prep curriculum,"509 West 129th Street, New York, NY 10027",http://insideschools.org/component/schools/school/1381,MANHATTAN,9th Grade,12th Grade,370,74.1%,80.3%
10019,Urban Assembly Gateway School for Technology,,,YES,YES,YES,,,YES,,,,,,,,"Computer and IT, IC3, Mouse Squad","439 West 49th Street, New York, NY 10019",http://insideschools.org/component/schools/school/1739,MANHATTAN,9th Grade,12th Grade,367,100.0%,
10457,URBAN ASSEMBLY SCHOOL FOR APPLIED MATH AND SCIENCE,,,,,,,,,,,,,,,,Unclear; math & science focus,"1595 Bathgate Avenue, Bronx, NY 10457",http://insideschools.org/component/schools/school/464,BRONX,6th Grade,12th Grade,606,78.1%,87.5%
10038,Urban Assembly School for Emergency Management,,,YES,,,,,,,,,,,,,None,"411 PEARL STREET, Manhattan, NY 10038",http://insideschools.org/component/schools/school/8241,ManHATTAN,9th Grade,N/A,116,100.0%,
10035,Urban Assembly School for Global Commerce,,,YES,,,,,,,,,YES,,,,C/I has one after-school class,"2005 Madison Avenue, New York, NY 10035",http://insideschools.org/component/schools/school/8242?Itemid=64,MANHATTAN,9th Grade,10th Grade,82,84.0%,
10024,Urban Assembly School for Green Careers,,,YES,,,,,,,,,,,,,None,"145 West 84th Street, New York, NY 10024",http://insideschools.org/component/schools/school/1593?Itemid=64,MANHATTAN,9th Grade,12th Grade,395,90.0%,
11201,Urban Assembly School for Law and Justice,,,,,YES,,,,,YES,,,,YES,,Technology Club,"283 Adams Street, Brooklyn, NY 11201",http://insideschools.org/component/schools/school/614,Brooklyn,9th Grade,12th Grade,449,75.0%,
10023,Urban Assembly School for Media Studies,,,,,,,,,,,,YES,,,,Three C/I classes,"122 AMSTERDAM AVENUE, Manhattan NY 10023",http://insideschools.org/component/schools/school/151,MANHATTAN,9th Grade,12th Grade,387,77.0%,
10004,URBAN ASSEMBLY SCHOOL OF BUSINESS FOR YOUNG WOMEN,,,,,,,,,,,,,,,,"All girls, ""Students at this all-girls’ school may walk to Goldman Sachs, American Express or the Federal Reserve to meet with mentors""; Part of 7 NYC CTE HSs; CTE symposium held 12/13/14 at NYU, sponsored by JP Morgan","26 Broadway, New York, NY 10004","http://urbanassembly.org/
http://insideschools.org/component/schools/school/24",MANHATTAN,9th Grade,12th Grade,377,72.9%,84.6%
10019,URBAN ASSEMBLY SCHOOL OF DESIGN AND CONSTRUCTION,,,,,,,,,,,,,,,,Focus on design and architecture,"525 West 50th Street, New York, NY 10019",http://insideschools.org/component/schools/school/76,MANHATTAN,9th Grade,12th Grade,431,68.4%,77.5%
11216,URBAN DOVE CHARTER SCHOOL,,,,,,,,,,,,,,,YES,several hours of sports offered every day,600 LAFAYETTE AVE,http://www.urbandove.org/team-charter-school.html,BROOKLYN,9th Grade,12th Grade,107,,83.2%
10457,VALIDUS PREPARATORY ACADEMY,,,,,,,,,,,,,,,,None; additional clubs added at students' request; Partnership with Outward Bound; focus on physical fitness,"1595 Bathgate Avenue, Bronx, NY 10457",http://insideschools.org/component/schools/school/331,BRONX,9th Grade,12th Grade,366,76.0%,79.5%
10021,VANGUARD HIGH SCHOOL,,,,,,,,,,,,,,,,"None; small, openminded school","317 East 67th Street, New York, NY 10065",http://www.vanguardnyc.net/,MANHATTAN,9th Grade,12th Grade,443,69.5%,76.7%
11236,Victory Collegiate High School,,,,,YES,,,,,YES,,,,,,None,"6565 Flatlands Avenue, Brooklyn, NY 11236",http://insideschools.org/component/schools/school/1486,Brooklyn,9th Grade,12th Grade,332,77.0%,
11225,W E B DUBOIS ACADEMIC HIGH SCHOOL,,,,,,,,,,,,,,,,Unclear; computer lab and science; for overaged students,"402 Eastern Parkway, Brooklyn, NY 11225",http://insideschools.org/component/schools/school/757?Itemid=64,BROOKLYN,9th Grade,12th Grade,194,77.8%,87.1%
11207,W H MAXWELL CAREER AND TECHNICAL EDUCATION HIGH SC,,,YES,,,,,,,,,,,,,Computers and Arts class,"145 Pennsylvania Avenue, Brooklyn,  New York 11207  ",http://www.maxwellhs.org/Home_Page.html,BROOKLYN,9th Grade,12th Grade,592,76.4%,84.8%
10026,WADLEIGH SECONDARY SCHOOL FOR THE PERFORMING AND VISUAL ARTS,,,,YES,,,,,,,,,,,,MOUSE,"215 West 114 St, Manhattan NY 10026",http://insideschools.org/component/schools/school/152,MANHATTAN,6th Grade,12th Grade,531,100.0%,
10033,WASHINGTON HEIGHTS EXPEDITIONARY LEARNING SCHOOL,,,,,,,,,,,,,,,,None,"511 West 182nd Street, New York, NY 10033",http://wheelsnyc.org/,MANHATTAN,6th Grade,12th Grade,602,87.7%,92.0%
10458,WEST BRONX ACADEMY FOR THE FUTURE,,,,,,,,,,,,,,,,"Technology-infused education - 
""learn by doing… technology-enhanced investigations""","500 East Fordham Road, Bronx, NY 10458",http://www.bronxacademy.org/,BRONX,6th Grade,12th Grade,636,84.3%,88.8%
11235,WILLIAM E GRADY CAREER AND TECHNICAL EDUCATION HIG,,,YES,,YES,,,,YES,YES,,,,,,"CTE Program for Engineering/IT (MUS, A+, IC3, CISCO), MOUSE Squad","25 BRIGHTON 4TH ROAD, Brooklyn NY 11235",http://gradyhs.com/cte-programs/,BROOKLYN,9th Grade,12th Grade,940,74.4%,85.5%
11206,WILLIAMSBURG CHARTER HIGH SCHOOL,,,,,,,,,,,,,,,YES,"Latin, Math, Science",198 VARET ST,http://www.thewcs.org/,BROOKLYN,9th Grade,12th Grade,913,,82.1%
11211,Williamsburg High School for Architecture and Design,,,YES,,,,,,,,,,,,,None,"257 North 6th Street, Brooklyn, NY 11211",http://insideschools.org/component/schools/school/653,BROOKLYN,9th Grade,12th Grade,579,82.0%,
11211,WILLIAMSBURG PREPARATORY SCHOOL,,,,,,,,,,,,,,,,Technology Extracurricular; Black Girls Code advertised on their website,"257 North 6th Street, Brooklyn, NY 11211","http://www.williamsburgprep.com/
http://insideschools.org/component/schools/school/654",BROOKLYN,9th Grade,12th Grade,575,99.5%,99.5%
10460,WINGS ACADEMY,,,,,,,,,,,,,,,,None,"1122 EAST 180 STREET, Bronx NY 10460",http://insideschools.org/component/schools/school/578,BRONX,9th Grade,12th Grade,532,73.5%,79.9%
10473,WOMEN S ACADEMY OF EXCELLENCE,,,,,,,,,,,,,,,,Female-only; unclear curriculum,"456 WHITE PLAINS ROAD, Bronx NY 10473",http://insideschools.org/component/schools/school/334?Itemid=64,BRONX,9th Grade,12th Grade,373,71.3%,80.4%
11207,World Academy for Total Community Health High School (WATCH),,,YES,,,,,,,,,,,,,None,"400 PENNSYLVANIA AVENUE, Brooklyn, NY 11207",http://insideschools.org/component/schools/school/829,BROOKLYN,9th Grade,12th Grade,309,85.0%,
11206,Young Women's Leadership School of Brooklyn,,,,,YES,,,,YES,,,,,YES,,Digital Video Design club,"325 Bushwick Avenue, Brooklyn, NY 11206",http://insideschools.org/component/schools/school/1573,Brooklyn,6th Grade,12th Grade,651,80.0%,
11102,"YOUNG WOMEN'S LEADERSHIP SCHOOL, Astoria",,,,YES,YES,,,,,YES,,,,,,All women; MOUSE and Tech Crew,"23-15 NEWTOWN AVENUE, Queens NY 11102",http://insideschools.org/component/schools/school/1347,Queens,6th Grade,12th Grade,,79.0%,